,USD_CAD,USD_EUR,USD_GBP,USD_MXN,date_id
04/10/2021,1.2543,0.83724,0.72619,20.072,1
04/11/2021,1.2543,0.83724,0.72619,20.072,2
04/12/2021,1.2543,0.83724,0.72619,20.072,3
04/13/2021,1.2543,0.83724,0.72619,20.072,4
04/14/2021,1.2543,0.83724,0.72619,20.072,5
04/15/2021,1.2543,0.83724,0.72619,20.072,6
04/16/2021,1.2543,0.83724,0.72619,20.072,7
04/17/2021,1.2543,0.83724,0.72619,20.072,8
04/18/2021,1.2543,0.83724,0.72619,20.072,9
04/19/2021,1.2523,0.8305,0.71864,19.8854,10
04/20/2021,1.2523,0.8305,0.71864,19.8854,11
04/21/2021,1.2523,0.8305,0.71864,19.8854,12
04/22/2021,1.2523,0.8305,0.71864,19.8854,13
04/23/2021,1.2523,0.8305,0.71864,19.8854,14
04/24/2021,1.2523,0.8305,0.71864,19.8854,15
04/25/2021,1.2523,0.8305,0.71864,19.8854,16
04/26/2021,1.2357,0.82706,0.71893,19.9661,17
04/27/2021,1.2357,0.82706,0.71893,19.9661,18
04/28/2021,1.2357,0.82706,0.71893,19.9661,19
04/29/2021,1.2357,0.82706,0.71893,19.9661,20
04/30/2021,1.2357,0.82706,0.71893,19.9661,21
05/01/2021,1.2357,0.82706,0.71893,19.9661,22
05/02/2021,1.2357,0.82706,0.71893,19.9661,23
05/03/2021,1.2265,0.8307,0.72005,20.219,24
05/04/2021,1.2265,0.8307,0.72005,20.219,25
05/05/2021,1.2265,0.8307,0.72005,20.219,26
05/06/2021,1.2265,0.8307,0.72005,20.219,27
05/07/2021,1.2265,0.8307,0.72005,20.219,28
05/08/2021,1.2265,0.8307,0.72005,20.219,29
05/09/2021,1.2265,0.8307,0.72005,20.219,30
05/10/2021,1.2113,0.82427,0.70912,19.9341,31
05/11/2021,1.2113,0.82427,0.70912,19.9341,32
05/12/2021,1.2113,0.82427,0.70912,19.9341,33
05/13/2021,1.2113,0.82427,0.70912,19.9341,34
05/14/2021,1.2113,0.82427,0.70912,19.9341,35
05/15/2021,1.2113,0.82427,0.70912,19.9341,36
05/16/2021,1.2113,0.82427,0.70912,19.9341,37
05/17/2021,1.2075,0.82008,0.70644,19.8688,38
05/18/2021,1.2075,0.82008,0.70644,19.8688,39
05/19/2021,1.2075,0.82008,0.70644,19.8688,40
05/20/2021,1.2075,0.82008,0.70644,19.8688,41
05/21/2021,1.2075,0.82008,0.70644,19.8688,42
05/22/2021,1.2075,0.82008,0.70644,19.8688,43
05/23/2021,1.2075,0.82008,0.70644,19.8688,44
05/24/2021,1.2078,0.81907,0.70627,19.9132,45
05/25/2021,1.2078,0.81907,0.70627,19.9132,46
05/26/2021,1.2078,0.81907,0.70627,19.9132,47
05/27/2021,1.2078,0.81907,0.70627,19.9132,48
05/28/2021,1.2078,0.81907,0.70627,19.9132,49
05/29/2021,1.2078,0.81907,0.70627,19.9132,50
05/30/2021,1.2078,0.81907,0.70627,19.9132,51
05/31/2021,1.2071,0.82082,0.70602,19.9844,52
06/01/2021,1.2071,0.82082,0.70602,19.9844,53
06/02/2021,1.2071,0.82082,0.70602,19.9844,54
06/03/2021,1.2071,0.82082,0.70602,19.9844,55
06/04/2021,1.2071,0.82082,0.70602,19.9844,56
06/05/2021,1.2071,0.82082,0.70602,19.9844,57
06/06/2021,1.2071,0.82082,0.70602,19.9844,58
06/07/2021,1.2087,0.82183,0.70674,19.7148,59
06/08/2021,1.2087,0.82183,0.70674,19.7148,60
06/09/2021,1.2087,0.82183,0.70674,19.7148,61
06/10/2021,1.2087,0.82183,0.70674,19.7148,62
06/11/2021,1.2087,0.82183,0.70674,19.7148,63
06/12/2021,1.2087,0.82183,0.70674,19.7148,64
06/13/2021,1.2087,0.82183,0.70674,19.7148,65
06/14/2021,1.2247,0.83084,0.71318,20.155,66
06/15/2021,1.2247,0.83084,0.71318,20.155,67
06/16/2021,1.2247,0.83084,0.71318,20.155,68
06/17/2021,1.2247,0.83084,0.71318,20.155,69
06/18/2021,1.2247,0.83084,0.71318,20.155,70
06/19/2021,1.2247,0.83084,0.71318,20.155,71
06/20/2021,1.2247,0.83084,0.71318,20.155,72
06/21/2021,1.2332,0.83864,0.71872,20.269,73
06/22/2021,1.2332,0.83864,0.71872,20.269,74
06/23/2021,1.2332,0.83864,0.71872,20.269,75
06/24/2021,1.2332,0.83864,0.71872,20.269,76
06/25/2021,1.2332,0.83864,0.71872,20.269,77
06/26/2021,1.2332,0.83864,0.71872,20.269,78
06/27/2021,1.2332,0.83864,0.71872,20.269,79
06/28/2021,1.2374,0.84189,0.72319,19.8956,80
06/29/2021,1.2374,0.84189,0.72319,19.8956,81
06/30/2021,1.2374,0.84189,0.72319,19.8956,82
07/01/2021,1.2374,0.84189,0.72319,19.8956,83
07/02/2021,1.2374,0.84189,0.72319,19.8956,84
07/03/2021,1.2374,0.84189,0.72319,19.8956,85
07/04/2021,1.2374,0.84189,0.72319,19.8956,86
07/05/2021,1.2447,0.84417,0.72346,19.9105,87
07/06/2021,1.2447,0.84417,0.72346,19.9105,88
07/07/2021,1.2447,0.84417,0.72346,19.9105,89
07/08/2021,1.2447,0.84417,0.72346,19.9105,90
07/09/2021,1.2447,0.84417,0.72346,19.9105,91
07/10/2021,1.2447,0.84417,0.72346,19.9105,92
07/11/2021,1.2447,0.84417,0.72346,19.9105,93
07/12/2021,1.2515,0.84574,0.7218,19.9137,94
07/13/2021,1.2515,0.84574,0.7218,19.9137,95
07/14/2021,1.2515,0.84574,0.7218,19.9137,96
07/15/2021,1.2515,0.84574,0.7218,19.9137,97
07/16/2021,1.2515,0.84574,0.7218,19.9137,98
07/17/2021,1.2515,0.84574,0.7218,19.9137,99
07/18/2021,1.2515,0.84574,0.7218,19.9137,100
07/19/2021,1.2667,0.84955,0.73048,20.102,101
07/20/2021,1.2667,0.84955,0.73048,20.102,102
07/21/2021,1.2667,0.84955,0.73048,20.102,103
07/22/2021,1.2667,0.84955,0.73048,20.102,104
07/23/2021,1.2667,0.84955,0.73048,20.102,105
07/24/2021,1.2667,0.84955,0.73048,20.102,106
07/25/2021,1.2667,0.84955,0.73048,20.102,107
07/26/2021,1.252,0.84502,0.72044,19.9637,108
07/27/2021,1.252,0.84502,0.72044,19.9637,109
07/28/2021,1.252,0.84502,0.72044,19.9637,110
07/29/2021,1.252,0.84502,0.72044,19.9637,111
07/30/2021,1.252,0.84502,0.72044,19.9637,112
07/31/2021,1.252,0.84502,0.72044,19.9637,113
08/01/2021,1.252,0.84502,0.72044,19.9637,114
08/02/2021,1.2506,0.84331,0.71846,19.8752,115
08/03/2021,1.2506,0.84331,0.71846,19.8752,116
08/04/2021,1.2506,0.84331,0.71846,19.8752,117
08/05/2021,1.2506,0.84331,0.71846,19.8752,118
08/06/2021,1.2506,0.84331,0.71846,19.8752,119
08/07/2021,1.2506,0.84331,0.71846,19.8752,120
08/08/2021,1.2506,0.84331,0.71846,19.8752,121
08/09/2021,1.2532,0.85172,0.72199,19.994,122
08/10/2021,1.2532,0.85172,0.72199,19.994,123
08/11/2021,1.2532,0.85172,0.72199,19.994,124
08/12/2021,1.2532,0.85172,0.72199,19.994,125
08/13/2021,1.2532,0.85172,0.72199,19.994,126
08/14/2021,1.2532,0.85172,0.72199,19.994,127
08/15/2021,1.2532,0.85172,0.72199,19.994,128
08/16/2021,1.269,0.85281,0.7277,20.049,129
08/17/2021,1.269,0.85281,0.7277,20.049,130
08/18/2021,1.269,0.85281,0.7277,20.049,131
08/19/2021,1.269,0.85281,0.7277,20.049,132
08/20/2021,1.269,0.85281,0.7277,20.049,133
08/21/2021,1.269,0.85281,0.7277,20.049,134
08/22/2021,1.269,0.85281,0.7277,20.049,135
08/23/2021,1.2655,0.8515,0.72927,20.324,136
08/24/2021,1.2655,0.8515,0.72927,20.324,137
08/25/2021,1.2655,0.8515,0.72927,20.324,138
08/26/2021,1.2655,0.8515,0.72927,20.324,139
08/27/2021,1.2655,0.8515,0.72927,20.324,140
08/28/2021,1.2655,0.8515,0.72927,20.324,141
08/29/2021,1.2655,0.8515,0.72927,20.324,142
08/30/2021,1.2585,0.84502,0.72544,20.038,143
08/31/2021,1.2585,0.84502,0.72544,20.038,144
09/01/2021,1.2585,0.84502,0.72544,20.038,145
09/02/2021,1.2585,0.84502,0.72544,20.038,146
09/03/2021,1.2585,0.84502,0.72544,20.038,147
09/04/2021,1.2585,0.84502,0.72544,20.038,148
09/05/2021,1.2585,0.84502,0.72544,20.038,149
09/06/2021,1.2615,0.84417,0.72348,19.9046,150
09/07/2021,1.2615,0.84417,0.72348,19.9046,151
09/08/2021,1.2615,0.84417,0.72348,19.9046,152
09/09/2021,1.2615,0.84417,0.72348,19.9046,153
09/10/2021,1.2615,0.84417,0.72348,19.9046,154
09/11/2021,1.2615,0.84417,0.72348,19.9046,155
09/12/2021,1.2615,0.84417,0.72348,19.9046,156
09/13/2021,1.2663,0.84803,0.723,19.8855,157
09/14/2021,1.2663,0.84803,0.723,19.8855,158
09/15/2021,1.2663,0.84803,0.723,19.8855,159
09/16/2021,1.2663,0.84803,0.723,19.8855,160
09/17/2021,1.2663,0.84803,0.723,19.8855,161
09/18/2021,1.2663,0.84803,0.723,19.8855,162
09/19/2021,1.2663,0.84803,0.723,19.8855,163
09/20/2021,1.2761,0.8531,0.73155,20.107,164
09/21/2021,1.2761,0.8531,0.73155,20.107,165
09/22/2021,1.2761,0.8531,0.73155,20.107,166
09/23/2021,1.2761,0.8531,0.73155,20.107,167
09/24/2021,1.2761,0.8531,0.73155,20.107,168
09/25/2021,1.2761,0.8531,0.73155,20.107,169
09/26/2021,1.2761,0.8531,0.73155,20.107,170
09/27/2021,1.2683,0.85896,0.73788,20.331,171
09/28/2021,1.2683,0.85896,0.73788,20.331,172
09/29/2021,1.2683,0.85896,0.73788,20.331,173
09/30/2021,1.2683,0.85896,0.73788,20.331,174
10/01/2021,1.2683,0.85896,0.73788,20.331,175
10/02/2021,1.2683,0.85896,0.73788,20.331,176
10/03/2021,1.2683,0.85896,0.73788,20.331,177
10/04/2021,1.2588,0.86341,0.73491,20.573,178
10/05/2021,1.2588,0.86341,0.73491,20.573,179
10/06/2021,1.2588,0.86341,0.73491,20.573,180
10/07/2021,1.2588,0.86341,0.73491,20.573,181
10/08/2021,1.2588,0.86341,0.73491,20.573,182
10/09/2021,1.2588,0.86341,0.73491,20.573,183
10/10/2021,1.2588,0.86341,0.73491,20.573,184
10/11/2021,1.2422,0.86363,0.73152,20.672,185
10/12/2021,1.2422,0.86363,0.73152,20.672,186
10/13/2021,1.2422,0.86363,0.73152,20.672,187
10/14/2021,1.2422,0.86363,0.73152,20.672,188
10/15/2021,1.2422,0.86363,0.73152,20.672,189
10/16/2021,1.2422,0.86363,0.73152,20.672,190
10/17/2021,1.2422,0.86363,0.73152,20.672,191
10/18/2021,1.2351,0.85985,0.72549,20.299,192
10/19/2021,1.2351,0.85985,0.72549,20.299,193
10/20/2021,1.2351,0.85985,0.72549,20.299,194
10/21/2021,1.2351,0.85985,0.72549,20.299,195
10/22/2021,1.2351,0.85985,0.72549,20.299,196
10/23/2021,1.2351,0.85985,0.72549,20.299,197
10/24/2021,1.2351,0.85985,0.72549,20.299,198
10/25/2021,1.2368,0.86096,0.72656,20.266,199
10/26/2021,1.2368,0.86096,0.72656,20.266,200
10/27/2021,1.2368,0.86096,0.72656,20.266,201
10/28/2021,1.2368,0.86096,0.72656,20.266,202
10/29/2021,1.2368,0.86096,0.72656,20.266,203
10/30/2021,1.2368,0.86096,0.72656,20.266,204
10/31/2021,1.2368,0.86096,0.72656,20.266,205
11/01/2021,1.2413,0.86438,0.73515,20.666,206
11/02/2021,1.2413,0.86438,0.73515,20.666,207
11/03/2021,1.2413,0.86438,0.73515,20.666,208
11/04/2021,1.2413,0.86438,0.73515,20.666,209
11/05/2021,1.2413,0.86438,0.73515,20.666,210
11/06/2021,1.2413,0.86438,0.73515,20.666,211
11/07/2021,1.2413,0.86438,0.73515,20.666,212
11/08/2021,1.2498,0.86775,0.74184,20.456,213
11/09/2021,1.2498,0.86775,0.74184,20.456,214
11/10/2021,1.2498,0.86775,0.74184,20.456,215
11/11/2021,1.2498,0.86775,0.74184,20.456,216
11/12/2021,1.2498,0.86775,0.74184,20.456,217
11/13/2021,1.2498,0.86775,0.74184,20.456,218
11/14/2021,1.2498,0.86775,0.74184,20.456,219
11/15/2021,1.2571,0.88113,0.74348,20.689,220
11/16/2021,1.2571,0.88113,0.74348,20.689,221
11/17/2021,1.2571,0.88113,0.74348,20.689,222
11/18/2021,1.2571,0.88113,0.74348,20.689,223
11/19/2021,1.2571,0.88113,0.74348,20.689,224
11/20/2021,1.2571,0.88113,0.74348,20.689,225
11/21/2021,1.2571,0.88113,0.74348,20.689,226
11/22/2021,1.2698,0.88881,0.74831,21.307,227
11/23/2021,1.2698,0.88881,0.74831,21.307,228
11/24/2021,1.2698,0.88881,0.74831,21.307,229
11/25/2021,1.2698,0.88881,0.74831,21.307,230
11/26/2021,1.2698,0.88881,0.74831,21.307,231
11/27/2021,1.2698,0.88881,0.74831,21.307,232
11/28/2021,1.2698,0.88881,0.74831,21.307,233
11/29/2021,1.2779,0.88363,0.75098,21.462,234
11/30/2021,1.2779,0.88363,0.75098,21.462,235
12/01/2021,1.2779,0.88363,0.75098,21.462,236
12/02/2021,1.2779,0.88363,0.75098,21.462,237
12/03/2021,1.2779,0.88363,0.75098,21.462,238
12/04/2021,1.2779,0.88363,0.75098,21.462,239
12/05/2021,1.2779,0.88363,0.75098,21.462,240
12/06/2021,1.2704,0.88613,0.75633,21.075,241
12/07/2021,1.2704,0.88613,0.75633,21.075,242
12/08/2021,1.2704,0.88613,0.75633,21.075,243
12/09/2021,1.2704,0.88613,0.75633,21.075,244
12/10/2021,1.2704,0.88613,0.75633,21.075,245
12/11/2021,1.2704,0.88613,0.75633,21.075,246
12/12/2021,1.2704,0.88613,0.75633,21.075,247
12/13/2021,1.2808,0.88472,0.75294,20.972,248
12/14/2021,1.2808,0.88472,0.75294,20.972,249
12/15/2021,1.2808,0.88472,0.75294,20.972,250
12/16/2021,1.2808,0.88472,0.75294,20.972,251
12/17/2021,1.2808,0.88472,0.75294,20.972,252
12/18/2021,1.2808,0.88472,0.75294,20.972,253
12/19/2021,1.2808,0.88472,0.75294,20.972,254
12/20/2021,1.2881,0.88503,0.75051,20.727,255
12/21/2021,1.2881,0.88503,0.75051,20.727,256
12/22/2021,1.2881,0.88503,0.75051,20.727,257
12/23/2021,1.2881,0.88503,0.75051,20.727,258
12/24/2021,1.2881,0.88503,0.75051,20.727,259
12/25/2021,1.2881,0.88503,0.75051,20.727,260
12/26/2021,1.2881,0.88503,0.75051,20.727,261
12/27/2021,1.2786,0.88331,0.74313,20.557,262
12/28/2021,1.2786,0.88331,0.74313,20.557,263
12/29/2021,1.2786,0.88331,0.74313,20.557,264
12/30/2021,1.2786,0.88331,0.74313,20.557,265
12/31/2021,1.2786,0.88331,0.74313,20.557,266
01/01/2022,1.2786,0.88331,0.74313,20.557,267
01/02/2022,1.2786,0.88331,0.74313,20.557,268
01/03/2022,1.2733,0.88394,0.73954,20.492,269
01/04/2022,1.2733,0.88394,0.73954,20.492,270
01/05/2022,1.2733,0.88394,0.73954,20.492,271
01/06/2022,1.2733,0.88394,0.73954,20.492,272
01/07/2022,1.2733,0.88394,0.73954,20.492,273
01/08/2022,1.2733,0.88394,0.73954,20.492,274
01/09/2022,1.2733,0.88394,0.73954,20.492,275
01/10/2022,1.2567,0.87819,0.73288,20.372,276
01/11/2022,1.2567,0.87819,0.73288,20.372,277
01/12/2022,1.2567,0.87819,0.73288,20.372,278
01/13/2022,1.2567,0.87819,0.73288,20.372,279
01/14/2022,1.2567,0.87819,0.73288,20.372,280
01/15/2022,1.2567,0.87819,0.73288,20.372,281
01/16/2022,1.2567,0.87819,0.73288,20.372,282
01/17/2022,1.2505,0.88028,0.7347,20.391,283
01/18/2022,1.2505,0.88028,0.7347,20.391,284
01/19/2022,1.2505,0.88028,0.7347,20.391,285
01/20/2022,1.2505,0.88028,0.7347,20.391,286
01/21/2022,1.2505,0.88028,0.7347,20.391,287
01/22/2022,1.2505,0.88028,0.7347,20.391,288
01/23/2022,1.2505,0.88028,0.7347,20.391,289
01/24/2022,1.2662,0.89055,0.74365,20.671,290
01/25/2022,1.2662,0.89055,0.74365,20.671,291
01/26/2022,1.2662,0.89055,0.74365,20.671,292
01/27/2022,1.2662,0.89055,0.74365,20.671,293
01/28/2022,1.2662,0.89055,0.74365,20.671,294
01/29/2022,1.2662,0.89055,0.74365,20.671,295
01/30/2022,1.2662,0.89055,0.74365,20.671,296
01/31/2022,1.2707,0.88511,0.73968,20.597,297
02/01/2022,1.2707,0.88511,0.73968,20.597,298
02/02/2022,1.2707,0.88511,0.73968,20.597,299
02/03/2022,1.2707,0.88511,0.73968,20.597,300
02/04/2022,1.2707,0.88511,0.73968,20.597,301
02/05/2022,1.2707,0.88511,0.73968,20.597,302
02/06/2022,1.2707,0.88511,0.73968,20.597,303
02/07/2022,1.2698,0.87497,0.73761,20.524,304
02/08/2022,1.2698,0.87497,0.73761,20.524,305
02/09/2022,1.2698,0.87497,0.73761,20.524,306
02/10/2022,1.2698,0.87497,0.73761,20.524,307
02/11/2022,1.2698,0.87497,0.73761,20.524,308
02/12/2022,1.2698,0.87497,0.73761,20.524,309
02/13/2022,1.2698,0.87497,0.73761,20.524,310
02/14/2022,1.2712,0.88098,0.73711,20.347,311
02/15/2022,1.2712,0.88098,0.73711,20.347,312
02/16/2022,1.2712,0.88098,0.73711,20.347,313
02/17/2022,1.2712,0.88098,0.73711,20.347,314
02/18/2022,1.2712,0.88098,0.73711,20.347,315
02/19/2022,1.2712,0.88098,0.73711,20.347,316
02/20/2022,1.2712,0.88098,0.73711,20.347,317
02/21/2022,1.2752,0.88645,0.74045,20.35,318
02/22/2022,1.2752,0.88645,0.74045,20.35,319
02/23/2022,1.2752,0.88645,0.74045,20.35,320
02/24/2022,1.2752,0.88645,0.74045,20.35,321
02/25/2022,1.2752,0.88645,0.74045,20.35,322
02/26/2022,1.2752,0.88645,0.74045,20.35,323
02/27/2022,1.2752,0.88645,0.74045,20.35,324
02/28/2022,1.2699,0.90139,0.74872,20.625,325
03/01/2022,1.2699,0.90139,0.74872,20.625,326
03/02/2022,1.2699,0.90139,0.74872,20.625,327
03/03/2022,1.2699,0.90139,0.74872,20.625,328
03/04/2022,1.2699,0.90139,0.74872,20.625,329
03/05/2022,1.2699,0.90139,0.74872,20.625,330
03/06/2022,1.2699,0.90139,0.74872,20.625,331
03/07/2022,1.2791,0.91149,0.76114,21.109,332
03/08/2022,1.2791,0.91149,0.76114,21.109,333
03/09/2022,1.2791,0.91149,0.76114,21.109,334
03/10/2022,1.2791,0.91149,0.76114,21.109,335
03/11/2022,1.2791,0.91149,0.76114,21.109,336
03/12/2022,1.2791,0.91149,0.76114,21.109,337
03/13/2022,1.2791,0.91149,0.76114,21.109,338
03/14/2022,1.2718,0.90901,0.76392,20.725,339
03/15/2022,1.2718,0.90901,0.76392,20.725,340
03/16/2022,1.2718,0.90901,0.76392,20.725,341
03/17/2022,1.2718,0.90901,0.76392,20.725,342
03/18/2022,1.2718,0.90901,0.76392,20.725,343
03/19/2022,1.2718,0.90901,0.76392,20.725,344
03/20/2022,1.2718,0.90901,0.76392,20.725,345
03/21/2022,1.2574,0.90868,0.75775,20.211,346
03/22/2022,1.2574,0.90868,0.75775,20.211,347
03/23/2022,1.2574,0.90868,0.75775,20.211,348
03/24/2022,1.2574,0.90868,0.75775,20.211,349
03/25/2022,1.2574,0.90868,0.75775,20.211,350
03/26/2022,1.2574,0.90868,0.75775,20.211,351
03/27/2022,1.2574,0.90868,0.75775,20.211,352
03/28/2022,1.25,0.90367,0.76159,19.934,353
03/29/2022,1.25,0.90367,0.76159,19.934,354
03/30/2022,1.25,0.90367,0.76159,19.934,355
03/31/2022,1.25,0.90367,0.76159,19.934,356
04/01/2022,1.25,0.90367,0.76159,19.934,357
04/02/2022,1.25,0.90367,0.76159,19.934,358
04/03/2022,1.25,0.90367,0.76159,19.934,359
04/04/2022,1.2514,0.91449,0.7639,19.9899,360
04/05/2022,1.2514,0.91449,0.7639,19.9899,361
04/06/2022,1.2514,0.91449,0.7639,19.9899,362
04/07/2022,1.2514,0.91449,0.7639,19.9899,363
04/08/2022,1.2514,0.91449,0.7639,19.9899,364
04/09/2022,1.2514,0.91449,0.7639,19.9899,365
04/10/2022,1.2514,0.91449,0.7639,19.9899,366
04/11/2022,1.2614,0.9203,0.76692,19.8877,367
04/12/2022,1.2614,0.9203,0.76692,19.8877,368
04/13/2022,1.2614,0.9203,0.76692,19.8877,369
04/14/2022,1.2614,0.9203,0.76692,19.8877,370
04/15/2022,1.2614,0.9203,0.76692,19.8877,371
04/16/2022,1.2614,0.9203,0.76692,19.8877,372
04/17/2022,1.2614,0.9203,0.76692,19.8877,373
04/18/2022,1.2582,0.92302,0.76926,20.076,374
04/19/2022,1.2582,0.92302,0.76926,20.076,375
04/20/2022,1.2582,0.92302,0.76926,20.076,376
04/21/2022,1.2582,0.92302,0.76926,20.076,377
04/22/2022,1.2582,0.92302,0.76926,20.076,378
04/23/2022,1.2582,0.92302,0.76926,20.076,379
04/24/2022,1.2582,0.92302,0.76926,20.076,380
04/25/2022,1.2789,0.94286,0.79378,20.375,381
04/26/2022,1.2789,0.94286,0.79378,20.375,382
04/27/2022,1.2789,0.94286,0.79378,20.375,383
04/28/2022,1.2789,0.94286,0.79378,20.375,384
04/29/2022,1.2789,0.94286,0.79378,20.375,385
04/30/2022,1.2789,0.94286,0.79378,20.375,386
05/01/2022,1.2789,0.94286,0.79378,20.375,387
05/02/2022,1.2828,0.94787,0.8018,20.253,388
05/03/2022,1.2828,0.94787,0.8018,20.253,389
05/04/2022,1.2828,0.94787,0.8018,20.253,390
05/05/2022,1.2828,0.94787,0.8018,20.253,391
05/06/2022,1.2828,0.94787,0.8018,20.253,392
05/07/2022,1.2828,0.94787,0.8018,20.253,393
05/08/2022,1.2828,0.94787,0.8018,20.253,394
05/09/2022,1.2985,0.95311,0.81325,20.308,395
05/10/2022,1.2985,0.95311,0.81325,20.308,396
05/11/2022,1.2985,0.95311,0.81325,20.308,397
05/12/2022,1.2985,0.95311,0.81325,20.308,398
05/13/2022,1.2985,0.95311,0.81325,20.308,399
05/14/2022,1.2985,0.95311,0.81325,20.308,400
05/15/2022,1.2985,0.95311,0.81325,20.308,401
05/16/2022,1.2834,0.95075,0.8056,19.9496,402
05/17/2022,1.2834,0.95075,0.8056,19.9496,403
05/18/2022,1.2834,0.95075,0.8056,19.9496,404
05/19/2022,1.2834,0.95075,0.8056,19.9496,405
05/20/2022,1.2834,0.95075,0.8056,19.9496,406
05/21/2022,1.2834,0.95075,0.8056,19.9496,407
05/22/2022,1.2834,0.95075,0.8056,19.9496,408
05/23/2022,1.2802,0.93537,0.79651,19.8157,409
05/24/2022,1.2802,0.93537,0.79651,19.8157,410
05/25/2022,1.2802,0.93537,0.79651,19.8157,411
05/26/2022,1.2802,0.93537,0.79651,19.8157,412
05/27/2022,1.2802,0.93537,0.79651,19.8157,413
05/28/2022,1.2802,0.93537,0.79651,19.8157,414
05/29/2022,1.2802,0.93537,0.79651,19.8157,415
05/30/2022,1.2639,0.93266,0.79474,19.571,416
05/31/2022,1.2639,0.93266,0.79474,19.571,417
06/01/2022,1.2639,0.93266,0.79474,19.571,418
06/02/2022,1.2639,0.93266,0.79474,19.571,419
06/03/2022,1.2639,0.93266,0.79474,19.571,420
06/04/2022,1.2639,0.93266,0.79474,19.571,421
06/05/2022,1.2639,0.93266,0.79474,19.571,422
06/06/2022,1.2601,0.93545,0.79898,19.579,423
06/07/2022,1.2601,0.93545,0.79898,19.579,424
06/08/2022,1.2601,0.93545,0.79898,19.579,425
06/09/2022,1.2601,0.93545,0.79898,19.579,426
06/10/2022,1.2601,0.93545,0.79898,19.579,427
06/11/2022,1.2601,0.93545,0.79898,19.579,428
06/12/2022,1.2601,0.93545,0.79898,19.579,429
06/13/2022,1.2931,0.9574,0.82299,20.494,430
06/14/2022,1.2931,0.9574,0.82299,20.494,431
06/15/2022,1.2931,0.9574,0.82299,20.494,432
06/16/2022,1.2931,0.9574,0.82299,20.494,433
06/17/2022,1.2931,0.9574,0.82299,20.494,434
06/18/2022,1.2931,0.9574,0.82299,20.494,435
06/19/2022,1.2931,0.9574,0.82299,20.494,436
06/20/2022,1.2972,0.95048,0.81596,20.108,437
06/21/2022,1.2972,0.95048,0.81596,20.108,438
06/22/2022,1.2972,0.95048,0.81596,20.108,439
06/23/2022,1.2972,0.95048,0.81596,20.108,440
06/24/2022,1.2972,0.95048,0.81596,20.108,441
06/25/2022,1.2972,0.95048,0.81596,20.108,442
06/26/2022,1.2972,0.95048,0.81596,20.108,443
06/27/2022,1.2893,0.95311,0.82249,20.081,444
06/28/2022,1.2893,0.95311,0.82249,20.081,445
06/29/2022,1.2893,0.95311,0.82249,20.081,446
06/30/2022,1.2893,0.95311,0.82249,20.081,447
07/01/2022,1.2893,0.95311,0.82249,20.081,448
07/02/2022,1.2893,0.95311,0.82249,20.081,449
07/03/2022,1.2893,0.95311,0.82249,20.081,450
07/04/2022,1.2972,0.97532,0.83326,20.492,451
07/05/2022,1.2972,0.97532,0.83326,20.492,452
07/06/2022,1.2972,0.97532,0.83326,20.492,453
07/07/2022,1.2972,0.97532,0.83326,20.492,454
07/08/2022,1.2972,0.97532,0.83326,20.492,455
07/09/2022,1.2972,0.97532,0.83326,20.492,456
07/10/2022,1.2972,0.97532,0.83326,20.492,457
07/11/2022,1.3053,0.99463,0.84201,20.779,458
07/12/2022,1.3053,0.99463,0.84201,20.779,459
07/13/2022,1.3053,0.99463,0.84201,20.779,460
07/14/2022,1.3053,0.99463,0.84201,20.779,461
07/15/2022,1.3053,0.99463,0.84201,20.779,462
07/16/2022,1.3053,0.99463,0.84201,20.779,463
07/17/2022,1.3053,0.99463,0.84201,20.779,464
07/18/2022,1.2917,0.98107,0.83562,20.477,465
07/19/2022,1.2917,0.98107,0.83562,20.477,466
07/20/2022,1.2917,0.98107,0.83562,20.477,467
07/21/2022,1.2917,0.98107,0.83562,20.477,468
07/22/2022,1.2917,0.98107,0.83562,20.477,469
07/23/2022,1.2917,0.98107,0.83562,20.477,470
07/24/2022,1.2917,0.98107,0.83562,20.477,471
07/25/2022,1.2855,0.98367,0.82842,20.426,472
07/26/2022,1.2855,0.98367,0.82842,20.426,473
07/27/2022,1.2855,0.98367,0.82842,20.426,474
07/28/2022,1.2855,0.98367,0.82842,20.426,475
07/29/2022,1.2855,0.98367,0.82842,20.426,476
07/30/2022,1.2855,0.98367,0.82842,20.426,477
07/31/2022,1.2855,0.98367,0.82842,20.426,478
08/01/2022,1.284,0.97914,0.82149,20.442,479
08/02/2022,1.284,0.97914,0.82149,20.442,480
08/03/2022,1.284,0.97914,0.82149,20.442,481
08/04/2022,1.284,0.97914,0.82149,20.442,482
08/05/2022,1.284,0.97914,0.82149,20.442,483
08/06/2022,1.284,0.97914,0.82149,20.442,484
08/07/2022,1.284,0.97914,0.82149,20.442,485
08/08/2022,1.2835,0.97447,0.82359,20.121,486
08/09/2022,1.2835,0.97447,0.82359,20.121,487
08/10/2022,1.2835,0.97447,0.82359,20.121,488
08/11/2022,1.2835,0.97447,0.82359,20.121,489
08/12/2022,1.2835,0.97447,0.82359,20.121,490
08/13/2022,1.2835,0.97447,0.82359,20.121,491
08/14/2022,1.2835,0.97447,0.82359,20.121,492
08/15/2022,1.2922,0.9858,0.83228,20.027,493
08/16/2022,1.2922,0.9858,0.83228,20.027,494
08/17/2022,1.2922,0.9858,0.83228,20.027,495
08/18/2022,1.2922,0.9858,0.83228,20.027,496
08/19/2022,1.2922,0.9858,0.83228,20.027,497
08/20/2022,1.2922,0.9858,0.83228,20.027,498
08/21/2022,1.2922,0.9858,0.83228,20.027,499
08/22/2022,1.2972,1.0032,0.84706,19.9821,500
08/23/2022,1.2972,1.0032,0.84706,19.9821,501
08/24/2022,1.2972,1.0032,0.84706,19.9821,502
08/25/2022,1.2972,1.0032,0.84706,19.9821,503
08/26/2022,1.2972,1.0032,0.84706,19.9821,504
08/27/2022,1.2972,1.0032,0.84706,19.9821,505
08/28/2022,1.2972,1.0032,0.84706,19.9821,506
08/29/2022,1.3093,0.9997,0.85984,20.094,507
08/30/2022,1.3093,0.9997,0.85984,20.094,508
08/31/2022,1.3093,0.9997,0.85984,20.094,509
09/01/2022,1.3093,0.9997,0.85984,20.094,510
09/02/2022,1.3093,0.9997,0.85984,20.094,511
09/03/2022,1.3093,0.9997,0.85984,20.094,512
09/04/2022,1.3093,0.9997,0.85984,20.094,513
09/05/2022,1.3118,1.0042,0.86788,20.004,514
09/06/2022,1.3118,1.0042,0.86788,20.004,515
09/07/2022,1.3118,1.0042,0.86788,20.004,516
09/08/2022,1.3118,1.0042,0.86788,20.004,517
09/09/2022,1.3118,1.0042,0.86788,20.004,518
09/10/2022,1.3118,1.0042,0.86788,20.004,519
09/11/2022,1.3118,1.0042,0.86788,20.004,520
09/12/2022,1.3124,0.99473,0.86423,19.9532,521
09/13/2022,1.3124,0.99473,0.86423,19.9532,522
09/14/2022,1.3124,0.99473,0.86423,19.9532,523
09/15/2022,1.3124,0.99473,0.86423,19.9532,524
09/16/2022,1.3124,0.99473,0.86423,19.9532,525
09/17/2022,1.3124,0.99473,0.86423,19.9532,526
09/18/2022,1.3124,0.99473,0.86423,19.9532,527
09/19/2022,1.3384,1.0097,0.88443,20.002,528
09/20/2022,1.3384,1.0097,0.88443,20.002,529
09/21/2022,1.3384,1.0097,0.88443,20.002,530
09/22/2022,1.3384,1.0097,0.88443,20.002,531
09/23/2022,1.3384,1.0097,0.88443,20.002,532
09/24/2022,1.3384,1.0097,0.88443,20.002,533
09/25/2022,1.3384,1.0097,0.88443,20.002,534
09/26/2022,1.3713,1.035,0.92473,20.273,535
09/27/2022,1.3713,1.035,0.92473,20.273,536
09/28/2022,1.3713,1.035,0.92473,20.273,537
09/29/2022,1.3713,1.035,0.92473,20.273,538
09/30/2022,1.3713,1.035,0.92473,20.273,539
10/01/2022,1.3713,1.035,0.92473,20.273,540
10/02/2022,1.3713,1.035,0.92473,20.273,541
10/03/2022,1.3675,1.0157,0.88701,20.051,542
10/04/2022,1.3675,1.0157,0.88701,20.051,543
10/05/2022,1.3675,1.0157,0.88701,20.051,544
10/06/2022,1.3675,1.0157,0.88701,20.051,545
10/07/2022,1.3675,1.0157,0.88701,20.051,546
10/08/2022,1.3675,1.0157,0.88701,20.051,547
10/09/2022,1.3675,1.0157,0.88701,20.051,548
10/10/2022,1.3787,1.0292,0.89871,20.001,549
10/11/2022,1.3787,1.0292,0.89871,20.001,550
10/12/2022,1.3787,1.0292,0.89871,20.001,551
10/13/2022,1.3787,1.0292,0.89871,20.001,552
10/14/2022,1.3787,1.0292,0.89871,20.001,553
10/15/2022,1.3787,1.0292,0.89871,20.001,554
10/16/2022,1.3787,1.0292,0.89871,20.001,555
10/17/2022,1.3775,1.0226,0.89001,20.064,556
10/18/2022,1.3775,1.0226,0.89001,20.064,557
10/19/2022,1.3775,1.0226,0.89001,20.064,558
10/20/2022,1.3775,1.0226,0.89001,20.064,559
10/21/2022,1.3775,1.0226,0.89001,20.064,560
10/22/2022,1.3775,1.0226,0.89001,20.064,561
10/23/2022,1.3775,1.0226,0.89001,20.064,562
10/24/2022,1.364,1.0056,0.87219,19.8949,563
10/25/2022,1.364,1.0056,0.87219,19.8949,564
10/26/2022,1.364,1.0056,0.87219,19.8949,565
10/27/2022,1.364,1.0056,0.87219,19.8949,566
10/28/2022,1.364,1.0056,0.87219,19.8949,567
10/29/2022,1.364,1.0056,0.87219,19.8949,568
10/30/2022,1.364,1.0056,0.87219,19.8949,569
10/31/2022,1.3624,1.0123,0.87658,19.6987,570
11/01/2022,1.3624,1.0123,0.87658,19.6987,571
11/02/2022,1.3624,1.0123,0.87658,19.6987,572
11/03/2022,1.3624,1.0123,0.87658,19.6987,573
11/04/2022,1.3624,1.0123,0.87658,19.6987,574
11/05/2022,1.3624,1.0123,0.87658,19.6987,575
11/06/2022,1.3624,1.0123,0.87658,19.6987,576
11/07/2022,1.3446,0.99423,0.86921,19.4918,577
11/08/2022,1.3446,0.99423,0.86921,19.4918,578
11/09/2022,1.3446,0.99423,0.86921,19.4918,579
11/10/2022,1.3446,0.99423,0.86921,19.4918,580
11/11/2022,1.3446,0.99423,0.86921,19.4918,581
11/12/2022,1.3446,0.99423,0.86921,19.4918,582
11/13/2022,1.3446,0.99423,0.86921,19.4918,583
11/14/2022,1.3312,0.96488,0.84328,19.3989,584
11/15/2022,1.3312,0.96488,0.84328,19.3989,585
11/16/2022,1.3312,0.96488,0.84328,19.3989,586
11/17/2022,1.3312,0.96488,0.84328,19.3989,587
11/18/2022,1.3312,0.96488,0.84328,19.3989,588
11/19/2022,1.3312,0.96488,0.84328,19.3989,589
11/20/2022,1.3312,0.96488,0.84328,19.3989,590
11/21/2022,1.3392,0.96834,0.83536,19.4229,591
11/22/2022,1.3392,0.96834,0.83536,19.4229,592
11/23/2022,1.3392,0.96834,0.83536,19.4229,593
11/24/2022,1.3392,0.96834,0.83536,19.4229,594
11/25/2022,1.3392,0.96834,0.83536,19.4229,595
11/26/2022,1.3392,0.96834,0.83536,19.4229,596
11/27/2022,1.3392,0.96834,0.83536,19.4229,597
11/28/2022,1.347,0.95795,0.82552,19.2308,598
11/29/2022,1.347,0.95795,0.82552,19.2308,599
11/30/2022,1.347,0.95795,0.82552,19.2308,600
12/01/2022,1.347,0.95795,0.82552,19.2308,601
12/02/2022,1.347,0.95795,0.82552,19.2308,602
12/03/2022,1.347,0.95795,0.82552,19.2308,603
12/04/2022,1.347,0.95795,0.82552,19.2308,604
12/05/2022,1.3584,0.94859,0.81744,19.6775,605
12/06/2022,1.3584,0.94859,0.81744,19.6775,606
12/07/2022,1.3584,0.94859,0.81744,19.6775,607
12/08/2022,1.3584,0.94859,0.81744,19.6775,608
12/09/2022,1.3584,0.94859,0.81744,19.6775,609
12/10/2022,1.3584,0.94859,0.81744,19.6775,610
12/11/2022,1.3584,0.94859,0.81744,19.6775,611
12/12/2022,1.3616,0.94349,0.81386,19.7604,612
12/13/2022,1.3616,0.94349,0.81386,19.7604,613
12/14/2022,1.3616,0.94349,0.81386,19.7604,614
12/15/2022,1.3616,0.94349,0.81386,19.7604,615
12/16/2022,1.3616,0.94349,0.81386,19.7604,616
12/17/2022,1.3616,0.94349,0.81386,19.7604,617
12/18/2022,1.3616,0.94349,0.81386,19.7604,618
12/19/2022,1.3621,0.9418,0.82609,19.676,619
12/20/2022,1.3621,0.9418,0.82609,19.676,620
12/21/2022,1.3621,0.9418,0.82609,19.676,621
12/22/2022,1.3621,0.9418,0.82609,19.676,622
12/23/2022,1.3621,0.9418,0.82609,19.676,623
12/24/2022,1.3621,0.9418,0.82609,19.676,624
12/25/2022,1.3621,0.9418,0.82609,19.676,625
12/26/2022,1.3542,0.93941,0.83051,19.4326,626
12/27/2022,1.3542,0.93941,0.83051,19.4326,627
12/28/2022,1.3542,0.93941,0.83051,19.4326,628
12/29/2022,1.3542,0.93941,0.83051,19.4326,629
12/30/2022,1.3542,0.93941,0.83051,19.4326,630
12/31/2022,1.3542,0.93941,0.83051,19.4326,631
01/01/2023,1.3542,0.93941,0.83051,19.4326,632
01/02/2023,1.359,0.94464,0.83418,19.3869,633
01/03/2023,1.359,0.94464,0.83418,19.3869,634
01/04/2023,1.359,0.94464,0.83418,19.3869,635
01/05/2023,1.359,0.94464,0.83418,19.3869,636
01/06/2023,1.359,0.94464,0.83418,19.3869,637
01/07/2023,1.359,0.94464,0.83418,19.3869,638
01/08/2023,1.359,0.94464,0.83418,19.3869,639
01/09/2023,1.3404,0.93023,0.82333,19.0363,640
01/10/2023,1.3404,0.93023,0.82333,19.0363,641
01/11/2023,1.3404,0.93023,0.82333,19.0363,642
01/12/2023,1.3404,0.93023,0.82333,19.0363,643
01/13/2023,1.3404,0.93023,0.82333,19.0363,644
01/14/2023,1.3404,0.93023,0.82333,19.0363,645
01/15/2023,1.3404,0.93023,0.82333,19.0363,646
01/16/2023,1.3434,0.92362,0.81302,18.8427,647
01/17/2023,1.3434,0.92362,0.81302,18.8427,648
01/18/2023,1.3434,0.92362,0.81302,18.8427,649
01/19/2023,1.3434,0.92362,0.81302,18.8427,650
01/20/2023,1.3434,0.92362,0.81302,18.8427,651
01/21/2023,1.3434,0.92362,0.81302,18.8427,652
01/22/2023,1.3434,0.92362,0.81302,18.8427,653
01/23/2023,1.336,0.91971,0.81011,18.8053,654
01/24/2023,1.336,0.91971,0.81011,18.8053,655
01/25/2023,1.336,0.91971,0.81011,18.8053,656
01/26/2023,1.336,0.91971,0.81011,18.8053,657
01/27/2023,1.336,0.91971,0.81011,18.8053,658
01/28/2023,1.336,0.91971,0.81011,18.8053,659
01/29/2023,1.336,0.91971,0.81011,18.8053,660
01/30/2023,1.3349,0.91651,0.81203,18.7407,661
01/31/2023,1.3349,0.91651,0.81203,18.7407,662
02/01/2023,1.3349,0.91651,0.81203,18.7407,663
02/02/2023,1.3349,0.91651,0.81203,18.7407,664
02/03/2023,1.3349,0.91651,0.81203,18.7407,665
02/04/2023,1.3349,0.91651,0.81203,18.7407,666
02/05/2023,1.3349,0.91651,0.81203,18.7407,667
02/06/2023,1.3416,0.93162,0.8278,18.9305,668
02/07/2023,1.3416,0.93162,0.8278,18.9305,669
02/08/2023,1.3416,0.93162,0.8278,18.9305,670
02/09/2023,1.3416,0.93162,0.8278,18.9305,671
02/10/2023,1.3416,0.93162,0.8278,18.9305,672
02/11/2023,1.3416,0.93162,0.8278,18.9305,673
02/12/2023,1.3416,0.93162,0.8278,18.9305,674
02/13/2023,1.34,0.9351,0.8285,18.6055,675
02/14/2023,1.34,0.9351,0.8285,18.6055,676
02/15/2023,1.34,0.9351,0.8285,18.6055,677
02/16/2023,1.34,0.9351,0.8285,18.6055,678
02/17/2023,1.34,0.9351,0.8285,18.6055,679
02/18/2023,1.34,0.9351,0.8285,18.6055,680
02/19/2023,1.34,0.9351,0.8285,18.6055,681
02/20/2023,1.3516,0.94038,0.82941,18.3967,682
02/21/2023,1.3516,0.94038,0.82941,18.3967,683
02/22/2023,1.3516,0.94038,0.82941,18.3967,684
02/23/2023,1.3516,0.94038,0.82941,18.3967,685
02/24/2023,1.3516,0.94038,0.82941,18.3967,686
02/25/2023,1.3516,0.94038,0.82941,18.3967,687
02/26/2023,1.3516,0.94038,0.82941,18.3967,688
02/27/2023,1.3596,0.94206,0.83215,18.2317,689
02/28/2023,1.3596,0.94206,0.83215,18.2317,690
03/01/2023,1.3596,0.94206,0.83215,18.2317,691
03/02/2023,1.3596,0.94206,0.83215,18.2317,692
03/03/2023,1.3596,0.94206,0.83215,18.2317,693
03/04/2023,1.3596,0.94206,0.83215,18.2317,694
03/05/2023,1.3596,0.94206,0.83215,18.2317,695
03/06/2023,1.373,0.94349,0.83733,18.0843,696
03/07/2023,1.373,0.94349,0.83733,18.0843,697
03/08/2023,1.373,0.94349,0.83733,18.0843,698
03/09/2023,1.373,0.94349,0.83733,18.0843,699
03/10/2023,1.373,0.94349,0.83733,18.0843,700
